MUTS_CS_SAMPLES	TRANSCRIPT	CHR	MUTS_PAM	MUTS_CS	MOST_SEVERE	STRAND	ALT	MUTS_PAM_SAMPLES	PROTEIN_POS	START	GENE	AA_CHANGE	REF
7	ENST00000265620	20	7	7	missense_variant	+	T	7	186	57484420	ENSG00000087460	R/C	C
7	ENST00000371102	20	7	7	missense_variant	+	T	7	830	57484420	ENSG00000087460	R/C	C
7	ENST00000354359	20	7	7	missense_variant	+	T	7	202	57484420	ENSG00000087460	R/C	C
7	ENST00000371095	20	7	7	missense_variant	+	T	7	187	57484420	ENSG00000087460	R/C	C
7	ENST00000371085	20	7	7	missense_variant	+	T	7	201	57484420	ENSG00000087460	R/C	C
7	ENST00000306090	20	7	7	missense_variant	+	T	7	187	57484420	ENSG00000087460	R/C	C
7	ENST00000371100	20	7	7	missense_variant	+	T	7	844	57484420	ENSG00000087460	R/C	C
2	ENST00000371075	20	0	2	synonymous_variant	+	T	0	50	57415311	ENSG00000087460	-	C
2	ENST00000354359	20	2	2	missense_variant	+	A	2	202	57484421	ENSG00000087460	R/H	G
2	ENST00000354359	20	2	2	stop_gained	+	G	2	164	57480494	ENSG00000087460	-	C
2	ENST00000313949	20	0	2	synonymous_variant	+	T	0	50	57415311	ENSG00000087460	-	C
2	ENST00000349036	20	2	2	stop_gained	+	G	2	180	57480494	ENSG00000087460	-	C
2	ENST00000371085	20	2	2	stop_gained	+	G	2	163	57480494	ENSG00000087460	-	C
2	ENST00000371099	20	2	2	missense_variant	+	T	2	268	57429123	ENSG00000087460	P/L	C
2	ENST00000371095	20	2	2	stop_gained	+	G	2	149	57480494	ENSG00000087460	-	C
2	ENST00000371085	20	2	2	missense_variant	+	A	2	201	57484421	ENSG00000087460	R/H	G
2	ENST00000371098	20	0	2	synonymous_variant	+	T	0	50	57415311	ENSG00000087460	-	C
2	ENST00000371095	20	2	2	missense_variant	+	A	2	187	57484421	ENSG00000087460	R/H	G
2	ENST00000306090	20	2	2	missense_variant	+	A	2	187	57484421	ENSG00000087460	R/H	G
2	ENST00000306090	20	2	2	stop_gained	+	G	2	149	57480494	ENSG00000087460	-	C
2	ENST00000306120	20	2	2	missense_variant	+	T	2	205	57429123	ENSG00000087460	P/S	C
2	ENST00000265620	20	2	2	missense_variant	+	A	2	186	57484421	ENSG00000087460	R/H	G
2	ENST00000265620	20	2	2	stop_gained	+	G	2	148	57480494	ENSG00000087460	-	C
2	ENST00000371102	20	2	2	missense_variant	+	T	2	268	57429123	ENSG00000087460	P/L	C
2	ENST00000371102	20	2	2	missense_variant	+	A	2	830	57484421	ENSG00000087460	R/H	G
2	ENST00000371102	20	2	2	stop_gained	+	G	2	792	57480494	ENSG00000087460	-	C
2	ENST00000371100	20	2	2	missense_variant	+	T	2	268	57429123	ENSG00000087460	P/L	C
2	ENST00000371100	20	2	2	stop_gained	+	G	2	806	57480494	ENSG00000087460	-	C
2	ENST00000371100	20	2	2	missense_variant	+	A	2	844	57484421	ENSG00000087460	R/H	G
2	ENST00000450130	20	2	2	stop_gained	+	G	2	178	57480494	ENSG00000087460	-	C
1	ENST00000265620	20	1	1	missense_variant	+	T	1	173	57484249	ENSG00000087460	A/V	C
1	ENST00000265620	20	1	1	frameshift_variant	+	T	1	173	57484250	ENSG00000087460	-	-
1	ENST00000265620	20	1	1	missense_variant	+	G	1	181	57484406	ENSG00000087460	D/G	A
1	ENST00000265620	20	1	1	missense_variant	+	G	1	189	57484429	ENSG00000087460	T/A	A
1	ENST00000265620	20	1	1	frameshift_variant	+	T	1	192-193	57484441	ENSG00000087460	-	-
1	ENST00000265620	20	1	1	missense_variant	+	T	1	212	57484597	ENSG00000087460	Q/H	G
1	ENST00000265620	20	1	1	missense_variant	+	T	1	218	57484615	ENSG00000087460	K/N	G
1	ENST00000265620	20	1	1	missense_variant	+	A	1	233	57484762	ENSG00000087460	V/M	G
1	ENST00000265620	20	1	1	missense_variant	+	G	1	258	57484839	ENSG00000087460	F/L	C
1	ENST00000265620	20	1	1	missense_variant	+	C	1	259	57484842	ENSG00000087460	K/N	G
1	ENST00000265620	20	1	1	missense_variant	+	G	1	270	57485019	ENSG00000087460	I/V	A
1	ENST00000265620	20	1	1	missense_variant	+	C	1	275	57485035	ENSG00000087460	F/S	T
1	ENST00000265620	20	1	1	missense_variant	+	A	1	284	57485061	ENSG00000087460	E/K	G
1	ENST00000265620	20	0	1	synonymous_variant	+	C	0	288	57485075	ENSG00000087460	-	T
1	ENST00000265620	20	1	1	missense_variant	+	G	1	297	57485101	ENSG00000087460	F/C	T
1	ENST00000265620	20	0	1	synonymous_variant	+	A	0	169	57484238	ENSG00000087460	-	G
1	ENST00000265620	20	1	1	missense_variant	+	T	1	150	57480498	ENSG00000087460	R/C	C
1	ENST00000265620	20	1	1	missense_variant	+	C	1	140	57480468	ENSG00000087460	E/Q	G
1	ENST00000265620	20	1	1	splice_region_variant	+	A	1	129	57478846	ENSG00000087460	-	C
1	ENST00000265620	20	1	1	missense_variant	+	T	1	49	57470673	ENSG00000087460	G/V	G
1	ENST00000265620	20	1	1	frameshift_variant	+	A	1	59-60	57470705	ENSG00000087460	-	-
1	ENST00000265620	20	1	1	missense_variant	+	G	1	82	57478618	ENSG00000087460	N/S	A
1	ENST00000265620	20	1	1	missense_variant	+	A	1	94	57478739	ENSG00000087460	A/T	G
1	ENST00000265620	20	1	1	missense_variant	+	T	1	126	57478836	ENSG00000087460	D/V	A
1	ENST00000265620	20	1	1	missense_variant	+	T	1	321	57485424	ENSG00000087460	R/W	C
1	ENST00000265620	20	1	1	missense_variant	+	T	1	359	57485819	ENSG00000087460	R/C	C
1	ENST00000265620	20	1	1	missense_variant	+	T	1	374	57485864	ENSG00000087460	R/C	C
1	ENST00000313949	20	1	1	missense_variant	+	A	1	191	57415733	ENSG00000087460	G/E	G
1	ENST00000313949	20	0	1	synonymous_variant	+	T	0	76	57415389	ENSG00000087460	-	C
1	ENST00000313949	20	1	1	missense_variant	+	T	1	77	57415390	ENSG00000087460	P/S	C
1	ENST00000313949	20	1	1	missense_variant	+	T	1	89	57415428	ENSG00000087460	E/D	G
1	ENST00000313949	20	1	1	missense_variant	+	A	1	94	57415441	ENSG00000087460	E/K	G
1	ENST00000313949	20	1	1	missense_variant	+	A	1	98	57415453	ENSG00000087460	P/T	C
1	ENST00000313949	20	1	1	missense_variant	+	C	1	99	57415456	ENSG00000087460	E/Q	G
1	ENST00000313949	20	0	1	synonymous_variant	+	T	0	103	57415470	ENSG00000087460	-	C
1	ENST00000313949	20	0	1	synonymous_variant	+	A	0	106	57415479	ENSG00000087460	-	G
1	ENST00000313949	20	0	1	synonymous_variant	+	T	0	107	57415482	ENSG00000087460	-	C
1	ENST00000313949	20	1	1	missense_variant	+	G	1	109	57415487	ENSG00000087460	Y/C	A
1	ENST00000313949	20	1	1	missense_variant	+	C	1	122	57415527	ENSG00000087460	E/D	G
1	ENST00000313949	20	1	1	missense_variant	+	A	1	126	57415537	ENSG00000087460	E/K	G
1	ENST00000313949	20	0	1	synonymous_variant	+	G	0	139	57415578	ENSG00000087460	-	C
1	ENST00000313949	20	1	1	missense_variant	+	A	1	172	57415675	ENSG00000087460	D/N	G
1	ENST00000313949	20	1	1	missense_variant	+	T	1	189	57415727	ENSG00000087460	R/M	G
1	ENST00000313949	20	1	1	missense_variant	+	A	1	72	57415375	ENSG00000087460	G/S	G
1	ENST00000313949	20	0	1	synonymous_variant	+	T	0	71	57415374	ENSG00000087460	-	C
1	ENST00000313949	20	1	1	missense_variant	+	A	1	62	57415346	ENSG00000087460	R/Q	G
1	ENST00000313949	20	1	1	missense_variant	+	A	1	6	57415178	ENSG00000087460	R/Q	G
1	ENST00000306120	20	0	1	synonymous_variant	+	T	0	568	57430214	ENSG00000087460	-	C
1	ENST00000306120	20	1	1	missense_variant	+	T	1	575	57430234	ENSG00000087460	R/M	G
1	ENST00000306120	20	1	1	missense_variant	+	A	1	579	57430246	ENSG00000087460	R/Q	G
1	ENST00000306120	20	1	1	missense_variant	+	A	1	581	57430252	ENSG00000087460	S/N	G
1	ENST00000313949	20	1	1	missense_variant	+	A	1	3	57415169	ENSG00000087460	R/Q	G
1	ENST00000313949	20	0	1	synonymous_variant	+	A	0	3	57415170	ENSG00000087460	-	G
1	ENST00000313949	20	0	1	synonymous_variant	+	A	0	14	57415203	ENSG00000087460	-	C
1	ENST00000313949	20	1	1	missense_variant	+	G	1	49	57415308	ENSG00000087460	N/K	C
1	ENST00000313949	20	1	1	missense_variant	+	T	1	26	57415237	ENSG00000087460	R/C	C
1	ENST00000313949	20	1	1	missense_variant	+	T	1	27	57415241	ENSG00000087460	R/L	G
1	ENST00000313949	20	0	1	synonymous_variant	+	A	0	31	57415254	ENSG00000087460	-	G
1	ENST00000313949	20	1	1	missense_variant	+	G	1	39	57415276	ENSG00000087460	I/V	A
1	ENST00000313949	20	1	1	frameshift_variant	+	T	1	45	57415295	ENSG00000087460	-	-
1	ENST00000313949	20	1	1	missense_variant	+	T	1	46	57415297	ENSG00000087460	A/S	G
1	ENST00000313949	20	1	1	frameshift_variant	+	-	1	191	57415732	ENSG00000087460	-	G
1	ENST00000313949	20	1	1	missense_variant	+	A	1	193	57415738	ENSG00000087460	E/K	G
1	ENST00000306120	20	1	1	missense_variant	+	C	1	555	57430173	ENSG00000087460	A/P	G
1	ENST00000313949	20	1	1	missense_variant	+	T	1	217	57415810	ENSG00000087460	R/C	C
1	ENST00000349036	20	1	1	missense_variant	+	T	1	90	57474005	ENSG00000087460	E/D	A
1	ENST00000349036	20	1	1	missense_variant	+	G	1	114	57478618	ENSG00000087460	N/S	A
1	ENST00000349036	20	1	1	missense_variant	+	A	1	126	57478739	ENSG00000087460	A/T	G
1	ENST00000349036	20	1	1	missense_variant	+	T	1	158	57478836	ENSG00000087460	D/V	A
1	ENST00000349036	20	1	1	splice_region_variant	+	A	1	161	57478846	ENSG00000087460	-	C
1	ENST00000349036	20	1	1	missense_variant	+	C	1	172	57480468	ENSG00000087460	E/Q	G
1	ENST00000349036	20	1	1	missense_variant	+	T	1	182	57480498	ENSG00000087460	R/C	C
1	ENST00000354359	20	1	1	missense_variant	+	T	1	49	57470673	ENSG00000087460	G/V	G
1	ENST00000354359	20	1	1	frameshift_variant	+	A	1	59-60	57470705	ENSG00000087460	-	-
1	ENST00000354359	20	1	1	splice_acceptor_variant	+	A	1	-	57473995	ENSG00000087460	-	G
1	ENST00000354359	20	1	1	missense_variant	+	T	1	73	57474001	ENSG00000087460	G/V	G
1	ENST00000354359	20	0	1	synonymous_variant	+	G	0	74	57474005	ENSG00000087460	-	A
1	ENST00000354359	20	1	1	missense_variant	+	T	1	74	57474005	ENSG00000087460	E/D	A
1	ENST00000354359	20	1	1	missense_variant	+	G	1	98	57478618	ENSG00000087460	N/S	A
1	ENST00000354359	20	1	1	missense_variant	+	A	1	110	57478739	ENSG00000087460	A/T	G
1	ENST00000349036	20	0	1	synonymous_variant	+	G	0	90	57474005	ENSG00000087460	-	A
1	ENST00000349036	20	1	1	missense_variant	+	T	1	89	57474001	ENSG00000087460	G/V	G
1	ENST00000349036	20	1	1	splice_acceptor_variant	+	A	1	-	57473995	ENSG00000087460	-	G
1	ENST00000338783	20	1	1	missense_variant	+	T	1	38	57470673	ENSG00000087460	G/V	G
1	ENST00000313949	20	1	1	missense_variant	+	C	1	242	57415886	ENSG00000087460	I/T	T
1	ENST00000313949	20	1	1	frameshift_variant	+	-	1	243	57415888	ENSG00000087460	-	C
1	ENST00000313949	20	1	1	missense_variant	+	G	1	244	57415891	ENSG00000087460	R/G	C
1	ENST00000313949	20	1	1	splice_acceptor_variant	+	A	1	-	57473995	ENSG00000087460	-	G
1	ENST00000313949	20	1	1	splice_region_variant	+	A	1	-	57478846	ENSG00000087460	-	C
1	ENST00000313949	20	1	1	splice_region_variant	+	G	1	-	57484406	ENSG00000087460	-	A
1	ENST00000338783	20	1	1	frameshift_variant	+	A	1	48-49	57470705	ENSG00000087460	-	-
1	ENST00000349036	20	1	1	frameshift_variant	+	A	1	75-76	57470705	ENSG00000087460	-	-
1	ENST00000349036	20	1	1	stop_gained	+	A	1	4	57430212	ENSG00000087460	-	C
1	ENST00000349036	20	1	1	missense_variant	+	T	1	5	57430214	ENSG00000087460	R/C	C
1	ENST00000349036	20	1	1	missense_variant	+	T	1	11	57430234	ENSG00000087460	K/N	G
1	ENST00000349036	20	0	1	synonymous_variant	+	A	0	15	57430246	ENSG00000087460	-	G
1	ENST00000349036	20	0	1	synonymous_variant	+	A	0	17	57430252	ENSG00000087460	-	G
1	ENST00000349036	20	1	1	missense_variant	+	T	1	65	57470673	ENSG00000087460	G/V	G
1	ENST00000306120	20	1	1	missense_variant	+	A	1	568	57430212	ENSG00000087460	R/S	C
1	ENST00000306120	20	1	1	frameshift_variant	+	C	1	546	57430147	ENSG00000087460	-	-
1	ENST00000265620	20	0	1	synonymous_variant	+	T	0	376	57485872	ENSG00000087460	-	C
1	ENST00000306120	20	1	1	missense_variant	+	T	1	61	57428691	ENSG00000087460	P/S	C
1	ENST00000306090	20	1	1	missense_variant	+	G	1	259	57484839	ENSG00000087460	F/L	C
1	ENST00000306090	20	1	1	missense_variant	+	C	1	260	57484842	ENSG00000087460	K/N	G
1	ENST00000306090	20	1	1	missense_variant	+	G	1	271	57485019	ENSG00000087460	I/V	A
1	ENST00000306090	20	1	1	missense_variant	+	C	1	276	57485035	ENSG00000087460	F/S	T
1	ENST00000306090	20	1	1	missense_variant	+	A	1	285	57485061	ENSG00000087460	E/K	G
1	ENST00000306090	20	0	1	synonymous_variant	+	C	0	289	57485075	ENSG00000087460	-	T
1	ENST00000306090	20	1	1	missense_variant	+	G	1	298	57485101	ENSG00000087460	F/C	T
1	ENST00000306090	20	1	1	missense_variant	+	T	1	322	57485424	ENSG00000087460	R/W	C
1	ENST00000306090	20	1	1	missense_variant	+	T	1	360	57485819	ENSG00000087460	R/C	C
1	ENST00000306090	20	1	1	missense_variant	+	T	1	375	57485864	ENSG00000087460	R/C	C
1	ENST00000306090	20	0	1	synonymous_variant	+	T	0	377	57485872	ENSG00000087460	-	C
1	ENST00000306090	20	1	1	missense_variant	+	A	1	378	57485873	ENSG00000087460	E/K	G
1	ENST00000306120	20	1	1	missense_variant	+	A	1	9	57428536	ENSG00000087460	R/K	G
1	ENST00000306120	20	1	1	missense_variant	+	A	1	18	57428562	ENSG00000087460	S/T	T
1	ENST00000306120	20	1	1	missense_variant	+	A	1	53	57428667	ENSG00000087460	L/I	C
1	ENST00000306090	20	1	1	missense_variant	+	A	1	234	57484762	ENSG00000087460	V/M	G
1	ENST00000306090	20	1	1	missense_variant	+	T	1	219	57484615	ENSG00000087460	K/N	G
1	ENST00000306090	20	1	1	missense_variant	+	T	1	213	57484597	ENSG00000087460	Q/H	G
1	ENST00000306090	20	1	1	splice_region_variant	+	A	1	130	57478846	ENSG00000087460	-	C
1	ENST00000265620	20	1	1	missense_variant	+	A	1	377	57485873	ENSG00000087460	E/K	G
1	ENST00000306090	20	1	1	missense_variant	+	T	1	49	57470673	ENSG00000087460	G/V	G
1	ENST00000306090	20	1	1	frameshift_variant	+	A	1	59-60	57470705	ENSG00000087460	-	-
1	ENST00000306090	20	1	1	missense_variant	+	G	1	83	57478618	ENSG00000087460	N/S	A
1	ENST00000306090	20	1	1	missense_variant	+	A	1	95	57478739	ENSG00000087460	A/T	G
1	ENST00000306090	20	1	1	missense_variant	+	T	1	127	57478836	ENSG00000087460	D/V	A
1	ENST00000306090	20	1	1	missense_variant	+	C	1	141	57480468	ENSG00000087460	E/Q	G
1	ENST00000306090	20	1	1	frameshift_variant	+	T	1	193-194	57484441	ENSG00000087460	-	-
1	ENST00000306090	20	1	1	missense_variant	+	T	1	151	57480498	ENSG00000087460	R/C	C
1	ENST00000306090	20	0	1	synonymous_variant	+	A	0	170	57484238	ENSG00000087460	-	G
1	ENST00000306090	20	1	1	missense_variant	+	T	1	174	57484249	ENSG00000087460	A/V	C
1	ENST00000306090	20	1	1	frameshift_variant	+	T	1	174	57484250	ENSG00000087460	-	-
1	ENST00000306090	20	1	1	missense_variant	+	G	1	182	57484406	ENSG00000087460	D/G	A
1	ENST00000306090	20	1	1	missense_variant	+	G	1	190	57484429	ENSG00000087460	T/A	A
1	ENST00000306120	20	1	1	missense_variant	+	G	1	58	57428683	ENSG00000087460	L/R	T
1	ENST00000306120	20	1	1	missense_variant	+	A	1	63	57428697	ENSG00000087460	G/R	G
1	ENST00000306120	20	1	1	missense_variant	+	C	1	530	57430099	ENSG00000087460	S/T	G
1	ENST00000306120	20	1	1	missense_variant	+	G	1	92	57428785	ENSG00000087460	A/G	C
1	ENST00000306120	20	1	1	missense_variant	+	A	1	272	57429324	ENSG00000087460	R/S	C
1	ENST00000306120	20	1	1	missense_variant	+	A	1	317	57429460	ENSG00000087460	P/H	C
1	ENST00000306120	20	0	1	synonymous_variant	+	G	0	317	57429461	ENSG00000087460	-	C
1	ENST00000306120	20	0	1	inframe_insertion	+	GCAGCCCCT	0	330	57429500	ENSG00000087460	-	-
1	ENST00000306120	20	1	1	missense_variant	+	G	1	344	57429540	ENSG00000087460	P/A	C
1	ENST00000306120	20	1	1	missense_variant	+	A	1	401	57429712	ENSG00000087460	I/N	T
1	ENST00000306120	20	1	1	missense_variant	+	T	1	470	57429918	ENSG00000087460	P/S	C
1	ENST00000306120	20	0	1	synonymous_variant	+	T	0	479	57429947	ENSG00000087460	-	C
1	ENST00000306120	20	1	1	missense_variant	+	A	1	485	57429963	ENSG00000087460	R/S	C
1	ENST00000306120	20	0	1	synonymous_variant	+	A	0	496	57429998	ENSG00000087460	-	G
1	ENST00000306120	20	1	1	missense_variant	+	A	1	498	57430002	ENSG00000087460	A/T	G
1	ENST00000306120	20	1	1	missense_variant	+	A	1	503	57430019	ENSG00000087460	M/I	G
1	ENST00000306120	20	1	1	missense_variant	+	T	1	510	57430039	ENSG00000087460	T/M	C
1	ENST00000306120	20	1	1	missense_variant	+	T	1	514	57430051	ENSG00000087460	A/V	C
1	ENST00000306120	20	0	1	synonymous_variant	+	A	0	518	57430064	ENSG00000087460	-	G
1	ENST00000306120	20	1	1	missense_variant	+	T	1	271	57429321	ENSG00000087460	A/S	G
1	ENST00000306120	20	1	1	missense_variant	+	T	1	268	57429312	ENSG00000087460	R/C	C
1	ENST00000306120	20	0	1	synonymous_variant	+	A	0	259	57429287	ENSG00000087460	-	G
1	ENST00000306120	20	0	1	synonymous_variant	+	C	0	187	57429071	ENSG00000087460	-	G
1	ENST00000306120	20	1	1	missense_variant	+	A	1	103	57428817	ENSG00000087460	L/M	T
1	ENST00000306120	20	1	1	missense_variant	+	A	1	127	57428889	ENSG00000087460	V/M	G
1	ENST00000306120	20	0	1	synonymous_variant	+	C	0	127	57428891	ENSG00000087460	-	G
1	ENST00000306120	20	1	1	missense_variant	+	A	1	154	57428970	ENSG00000087460	A/T	G
1	ENST00000306120	20	1	1	missense_variant	+	T	1	158	57428983	ENSG00000087460	R/M	G
1	ENST00000306120	20	0	1	synonymous_variant	+	A	0	170	57429020	ENSG00000087460	-	G
1	ENST00000306120	20	1	1	missense_variant	+	T	1	196	57429096	ENSG00000087460	R/W	C
1	ENST00000306120	20	0	1	synonymous_variant	+	A	0	253	57429269	ENSG00000087460	-	G
1	ENST00000306120	20	1	1	missense_variant	+	A	1	200	57429109	ENSG00000087460	R/Q	G
1	ENST00000306120	20	1	1	missense_variant	+	A	1	202	57429114	ENSG00000087460	A/T	G
1	ENST00000306120	20	0	1	synonymous_variant	+	T	0	204	57429122	ENSG00000087460	-	C
1	ENST00000306120	20	1	1	missense_variant	+	T	1	211	57429142	ENSG00000087460	P/L	C
1	ENST00000306120	20	1	1	missense_variant	+	T	1	245	57429243	ENSG00000087460	R/C	C
1	ENST00000306120	20	0	1	synonymous_variant	+	A	0	246	57429248	ENSG00000087460	-	G
1	ENST00000354359	20	1	1	missense_variant	+	T	1	142	57478836	ENSG00000087460	D/V	A
1	ENST00000354359	20	1	1	splice_region_variant	+	A	1	145	57478846	ENSG00000087460	-	C
1	ENST00000354359	20	1	1	missense_variant	+	C	1	156	57480468	ENSG00000087460	E/Q	G
1	ENST00000450130	20	0	1	synonymous_variant	+	A	0	31	57430252	ENSG00000087460	-	G
1	ENST00000419558	20	1	1	frameshift_variant	+	-	1	111	57415888	ENSG00000087460	-	C
1	ENST00000419558	20	1	1	missense_variant	+	G	1	112	57415891	ENSG00000087460	R/G	C
1	ENST00000419558	20	1	1	splice_region_variant	+	A	1	-	57478846	ENSG00000087460	-	C
1	ENST00000423897	20	0	1	synonymous_variant	+	A	0	5	57430246	ENSG00000087460	-	G
1	ENST00000423897	20	0	1	synonymous_variant	+	A	0	7	57430252	ENSG00000087460	-	G
1	ENST00000423897	20	1	1	missense_variant	+	T	1	55	57470673	ENSG00000087460	G/V	G
1	ENST00000423897	20	1	1	frameshift_variant	+	A	1	65-66	57470705	ENSG00000087460	-	-
1	ENST00000423897	20	1	1	splice_acceptor_variant	+	A	1	-	57473995	ENSG00000087460	-	G
1	ENST00000423897	20	1	1	missense_variant	+	T	1	79	57474001	ENSG00000087460	G/V	G
1	ENST00000423897	20	0	1	synonymous_variant	+	G	0	80	57474005	ENSG00000087460	-	A
1	ENST00000423897	20	1	1	missense_variant	+	T	1	80	57474005	ENSG00000087460	E/D	A
1	ENST00000450130	20	1	1	missense_variant	+	C	1	5	57430173	ENSG00000087460	G/A	G
1	ENST00000450130	20	1	1	stop_gained	+	A	1	18	57430212	ENSG00000087460	-	C
1	ENST00000450130	20	1	1	missense_variant	+	T	1	19	57430214	ENSG00000087460	R/C	C
1	ENST00000450130	20	1	1	missense_variant	+	T	1	25	57430234	ENSG00000087460	K/N	G
1	ENST00000419558	20	1	1	missense_variant	+	C	1	110	57415886	ENSG00000087460	I/T	T
1	ENST00000419558	20	1	1	missense_variant	+	T	1	85	57415810	ENSG00000087460	R/C	C
1	ENST00000419558	20	1	1	missense_variant	+	A	1	61	57415738	ENSG00000087460	E/K	G
1	ENST00000371102	20	1	1	missense_variant	+	T	1	1003	57485819	ENSG00000087460	R/C	C
1	ENST00000371102	20	1	1	missense_variant	+	G	1	914	57485019	ENSG00000087460	I/V	A
1	ENST00000371102	20	1	1	missense_variant	+	C	1	919	57485035	ENSG00000087460	F/S	T
1	ENST00000371102	20	1	1	missense_variant	+	A	1	928	57485061	ENSG00000087460	E/K	G
1	ENST00000371102	20	0	1	synonymous_variant	+	C	0	932	57485075	ENSG00000087460	-	T
1	ENST00000371102	20	1	1	missense_variant	+	G	1	941	57485101	ENSG00000087460	F/C	T
1	ENST00000371102	20	1	1	missense_variant	+	T	1	965	57485424	ENSG00000087460	R/W	C
1	ENST00000371102	20	1	1	missense_variant	+	T	1	1018	57485864	ENSG00000087460	R/C	C
1	ENST00000419558	20	1	1	missense_variant	+	A	1	59	57415733	ENSG00000087460	G/E	G
1	ENST00000371102	20	0	1	synonymous_variant	+	T	0	1020	57485872	ENSG00000087460	-	C
1	ENST00000371102	20	1	1	missense_variant	+	A	1	1021	57485873	ENSG00000087460	E/K	G
1	ENST00000419558	20	0	1	synonymous_variant	+	G	0	7	57415578	ENSG00000087460	-	C
1	ENST00000419558	20	1	1	missense_variant	+	A	1	40	57415675	ENSG00000087460	D/N	G
1	ENST00000419558	20	1	1	missense_variant	+	T	1	57	57415727	ENSG00000087460	R/M	G
1	ENST00000419558	20	1	1	frameshift_variant	+	-	1	59	57415732	ENSG00000087460	-	G
1	ENST00000450130	20	0	1	synonymous_variant	+	A	0	29	57430246	ENSG00000087460	-	G
1	ENST00000450130	20	1	1	missense_variant	+	T	1	79	57470673	ENSG00000087460	G/V	G
1	ENST00000371102	20	1	1	missense_variant	+	G	1	902	57484839	ENSG00000087460	F/L	C
1	ENST00000450130	20	1	1	frameshift_variant	+	A	1	89-90	57470705	ENSG00000087460	-	-
1	ENST00000453292	20	1	1	missense_variant	+	A	1	93	57415675	ENSG00000087460	D/N	G
1	ENST00000453292	20	1	1	missense_variant	+	T	1	110	57415727	ENSG00000087460	R/M	G
1	ENST00000453292	20	1	1	frameshift_variant	+	-	1	112	57415732	ENSG00000087460	-	G
1	ENST00000453292	20	1	1	missense_variant	+	A	1	112	57415733	ENSG00000087460	G/E	G
1	ENST00000453292	20	1	1	missense_variant	+	A	1	114	57415738	ENSG00000087460	E/K	G
1	ENST00000453292	20	1	1	missense_variant	+	T	1	138	57415810	ENSG00000087460	R/C	C
1	ENST00000453292	20	1	1	missense_variant	+	C	1	163	57415886	ENSG00000087460	I/T	T
1	ENST00000453292	20	1	1	frameshift_variant	+	-	1	164	57415888	ENSG00000087460	-	C
1	ENST00000453292	20	1	1	missense_variant	+	G	1	165	57415891	ENSG00000087460	R/G	C
1	ENST00000464624	20	1	1	splice_acceptor_variant	+	A	1	-	57473995	ENSG00000087460	-	G
1	ENST00000464624	20	1	1	splice_region_variant	+	A	1	-	57478846	ENSG00000087460	-	C
1	ENST00000464624	20	1	1	splice_region_variant	+	G	1	-	57484406	ENSG00000087460	-	A
1	ENST00000464788	20	1	1	splice_acceptor_variant	+	A	1	-	57473995	ENSG00000087460	-	G
1	ENST00000464788	20	1	1	splice_region_variant	+	A	1	-	57478846	ENSG00000087460	-	C
1	ENST00000464788	20	1	1	splice_region_variant	+	G	1	-	57484406	ENSG00000087460	-	A
1	ENST00000453292	20	0	1	synonymous_variant	+	G	0	60	57415578	ENSG00000087460	-	C
1	ENST00000453292	20	1	1	missense_variant	+	A	1	47	57415537	ENSG00000087460	E/K	G
1	ENST00000453292	20	1	1	missense_variant	+	C	1	43	57415527	ENSG00000087460	E/D	G
1	ENST00000450130	20	0	1	synonymous_variant	+	A	0	199	57484238	ENSG00000087460	-	G
1	ENST00000450130	20	1	1	missense_variant	+	G	1	112	57478618	ENSG00000087460	N/S	A
1	ENST00000450130	20	1	1	missense_variant	+	A	1	124	57478739	ENSG00000087460	A/T	G
1	ENST00000450130	20	1	1	missense_variant	+	T	1	156	57478836	ENSG00000087460	D/V	A
1	ENST00000450130	20	1	1	splice_region_variant	+	A	1	159	57478846	ENSG00000087460	-	C
1	ENST00000450130	20	1	1	missense_variant	+	C	1	170	57480468	ENSG00000087460	E/Q	G
1	ENST00000450130	20	1	1	missense_variant	+	T	1	180	57480498	ENSG00000087460	R/C	C
1	ENST00000453292	20	1	1	missense_variant	+	T	1	10	57415428	ENSG00000087460	E/D	G
1	ENST00000453292	20	1	1	missense_variant	+	G	1	30	57415487	ENSG00000087460	Y/C	A
1	ENST00000453292	20	1	1	missense_variant	+	A	1	15	57415441	ENSG00000087460	E/K	G
1	ENST00000453292	20	1	1	missense_variant	+	A	1	19	57415453	ENSG00000087460	P/T	C
1	ENST00000453292	20	1	1	missense_variant	+	C	1	20	57415456	ENSG00000087460	E/Q	G
1	ENST00000453292	20	0	1	synonymous_variant	+	T	0	24	57415470	ENSG00000087460	-	C
1	ENST00000453292	20	0	1	synonymous_variant	+	A	0	27	57415479	ENSG00000087460	-	G
1	ENST00000453292	20	0	1	synonymous_variant	+	T	0	28	57415482	ENSG00000087460	-	C
1	ENST00000371102	20	1	1	missense_variant	+	C	1	903	57484842	ENSG00000087460	K/N	G
1	ENST00000371102	20	1	1	missense_variant	+	A	1	877	57484762	ENSG00000087460	V/M	G
1	ENST00000467227	20	1	1	splice_region_variant	+	A	1	-	57478846	ENSG00000087460	-	C
1	ENST00000371102	20	1	1	missense_variant	+	G	1	381	57429461	ENSG00000087460	P/A	C
1	ENST00000371102	20	1	1	missense_variant	+	T	1	221	57428983	ENSG00000087460	E/D	G
1	ENST00000371102	20	1	1	missense_variant	+	A	1	234	57429020	ENSG00000087460	G/R	G
1	ENST00000371102	20	1	1	missense_variant	+	C	1	251	57429071	ENSG00000087460	G/R	G
1	ENST00000371102	20	1	1	missense_variant	+	T	1	259	57429096	ENSG00000087460	A/V	C
1	ENST00000371102	20	0	1	synonymous_variant	+	A	0	263	57429109	ENSG00000087460	-	G
1	ENST00000371102	20	1	1	missense_variant	+	A	1	265	57429114	ENSG00000087460	R/H	G
1	ENST00000371102	20	1	1	missense_variant	+	T	1	268	57429122	ENSG00000087460	P/S	C
1	ENST00000371102	20	0	1	synonymous_variant	+	T	0	274	57429142	ENSG00000087460	-	C
1	ENST00000371102	20	1	1	missense_variant	+	T	1	308	57429243	ENSG00000087460	P/L	C
1	ENST00000371102	20	1	1	missense_variant	+	A	1	310	57429248	ENSG00000087460	E/K	G
1	ENST00000371102	20	1	1	missense_variant	+	A	1	317	57429269	ENSG00000087460	G/R	G
1	ENST00000371102	20	1	1	missense_variant	+	A	1	323	57429287	ENSG00000087460	V/I	G
1	ENST00000371102	20	1	1	missense_variant	+	T	1	331	57429312	ENSG00000087460	A/V	C
1	ENST00000371102	20	1	1	missense_variant	+	T	1	334	57429321	ENSG00000087460	G/V	G
1	ENST00000371102	20	1	1	missense_variant	+	A	1	335	57429324	ENSG00000087460	P/Q	C
1	ENST00000371102	20	1	1	missense_variant	+	A	1	217	57428970	ENSG00000087460	S/N	G
1	ENST00000371102	20	1	1	missense_variant	+	C	1	191	57428891	ENSG00000087460	A/P	G
1	ENST00000371102	20	1	1	missense_variant	+	A	1	190	57428889	ENSG00000087460	G/D	G
1	ENST00000371102	20	1	1	missense_variant	+	A	1	61	57428501	ENSG00000087460	V/I	G
1	ENST00000371100	20	1	1	missense_variant	+	T	1	1017	57485819	ENSG00000087460	R/C	C
1	ENST00000371100	20	1	1	missense_variant	+	T	1	1032	57485864	ENSG00000087460	R/C	C
1	ENST00000371100	20	0	1	synonymous_variant	+	T	0	1034	57485872	ENSG00000087460	-	C
1	ENST00000371100	20	1	1	missense_variant	+	A	1	1035	57485873	ENSG00000087460	E/K	G
1	ENST00000371102	20	1	1	missense_variant	+	A	1	52	57428474	ENSG00000087460	E/K	G
1	ENST00000371102	20	0	1	synonymous_variant	+	T	0	59	57428497	ENSG00000087460	-	C
1	ENST00000371102	20	0	1	synonymous_variant	+	A	0	72	57428536	ENSG00000087460	-	G
1	ENST00000371102	20	1	1	missense_variant	+	A	1	166	57428817	ENSG00000087460	F/Y	T
1	ENST00000371102	20	1	1	missense_variant	+	A	1	81	57428562	ENSG00000087460	L/H	T
1	ENST00000371102	20	1	1	missense_variant	+	A	1	116	57428667	ENSG00000087460	P/H	C
1	ENST00000371102	20	0	1	synonymous_variant	+	G	0	121	57428683	ENSG00000087460	-	T
1	ENST00000371102	20	1	1	missense_variant	+	T	1	124	57428691	ENSG00000087460	P/L	C
1	ENST00000371102	20	1	1	missense_variant	+	A	1	126	57428697	ENSG00000087460	G/E	G
1	ENST00000371102	20	1	1	missense_variant	+	G	1	155	57428785	ENSG00000087460	S/R	C
1	ENST00000371102	20	0	1	synonymous_variant	+	A	0	380	57429460	ENSG00000087460	-	C
1	ENST00000371102	20	0	1	inframe_insertion	+	GCAGCCCCT	0	393-394	57429500	ENSG00000087460	-	-
1	ENST00000371102	20	1	1	missense_variant	+	T	1	862	57484615	ENSG00000087460	K/N	G
1	ENST00000371102	20	1	1	missense_variant	+	G	1	407	57429540	ENSG00000087460	T/S	C
1	ENST00000371102	20	1	1	missense_variant	+	T	1	692	57470673	ENSG00000087460	G/V	G
1	ENST00000371102	20	1	1	frameshift_variant	+	A	1	702-703	57470705	ENSG00000087460	-	-
1	ENST00000371102	20	1	1	missense_variant	+	G	1	726	57478618	ENSG00000087460	N/S	A
1	ENST00000371102	20	1	1	missense_variant	+	A	1	738	57478739	ENSG00000087460	A/T	G
1	ENST00000371102	20	1	1	missense_variant	+	T	1	770	57478836	ENSG00000087460	D/V	A
1	ENST00000371102	20	1	1	splice_region_variant	+	A	1	773	57478846	ENSG00000087460	-	C
1	ENST00000371102	20	1	1	missense_variant	+	C	1	784	57480468	ENSG00000087460	E/Q	G
1	ENST00000371102	20	1	1	missense_variant	+	T	1	794	57480498	ENSG00000087460	R/C	C
1	ENST00000371102	20	0	1	synonymous_variant	+	A	0	813	57484238	ENSG00000087460	-	G
1	ENST00000371102	20	1	1	missense_variant	+	T	1	817	57484249	ENSG00000087460	A/V	C
1	ENST00000371102	20	1	1	frameshift_variant	+	T	1	817	57484250	ENSG00000087460	-	-
1	ENST00000371102	20	1	1	missense_variant	+	G	1	825	57484406	ENSG00000087460	D/G	A
1	ENST00000371102	20	1	1	missense_variant	+	G	1	833	57484429	ENSG00000087460	T/A	A
1	ENST00000371102	20	1	1	frameshift_variant	+	T	1	836-837	57484441	ENSG00000087460	-	-
1	ENST00000371102	20	1	1	missense_variant	+	T	1	856	57484597	ENSG00000087460	Q/H	G
1	ENST00000371102	20	0	1	synonymous_variant	+	A	0	644	57430252	ENSG00000087460	-	G
1	ENST00000371102	20	0	1	synonymous_variant	+	A	0	642	57430246	ENSG00000087460	-	G
1	ENST00000371102	20	1	1	missense_variant	+	T	1	638	57430234	ENSG00000087460	K/N	G
1	ENST00000371102	20	1	1	missense_variant	+	A	1	567	57430019	ENSG00000087460	E/K	G
1	ENST00000371102	20	1	1	missense_variant	+	A	1	464	57429712	ENSG00000087460	D/E	T
1	ENST00000371102	20	1	1	missense_variant	+	T	1	533	57429918	ENSG00000087460	P/L	C
1	ENST00000371102	20	1	1	missense_variant	+	T	1	543	57429947	ENSG00000087460	P/S	C
1	ENST00000371102	20	1	1	missense_variant	+	A	1	548	57429963	ENSG00000087460	A/E	C
1	ENST00000371102	20	1	1	missense_variant	+	A	1	560	57429998	ENSG00000087460	G/S	G
1	ENST00000371102	20	1	1	missense_variant	+	A	1	561	57430002	ENSG00000087460	R/H	G
1	ENST00000371102	20	0	1	synonymous_variant	+	T	0	573	57430039	ENSG00000087460	-	C
1	ENST00000371102	20	1	1	missense_variant	+	T	1	632	57430214	ENSG00000087460	R/C	C
1	ENST00000371102	20	0	1	synonymous_variant	+	T	0	577	57430051	ENSG00000087460	-	C
1	ENST00000371102	20	1	1	missense_variant	+	A	1	582	57430064	ENSG00000087460	D/N	G
1	ENST00000371102	20	1	1	missense_variant	+	C	1	593	57430099	ENSG00000087460	Q/H	G
1	ENST00000371102	20	1	1	frameshift_variant	+	C	1	609	57430147	ENSG00000087460	-	-
1	ENST00000371102	20	1	1	missense_variant	+	C	1	618	57430173	ENSG00000087460	G/A	G
1	ENST00000371102	20	1	1	stop_gained	+	A	1	631	57430212	ENSG00000087460	-	C
1	ENST00000464960	20	1	1	splice_acceptor_variant	+	A	1	-	57473995	ENSG00000087460	-	G
1	ENST00000467227	20	1	1	splice_region_variant	+	G	1	-	57484406	ENSG00000087460	-	A
1	ENST00000371100	20	1	1	missense_variant	+	G	1	955	57485101	ENSG00000087460	F/C	T
1	ENST00000467321	20	1	1	splice_acceptor_variant	+	A	1	-	57473995	ENSG00000087460	-	G
1	ENST00000487862	20	1	1	splice_region_variant	+	A	1	-	57478846	ENSG00000087460	-	C
1	ENST00000477931	20	1	1	splice_region_variant	+	G	1	-	57484406	ENSG00000087460	-	A
1	ENST00000478585	20	1	1	splice_region_variant	+	A	1	-	57478846	ENSG00000087460	-	C
1	ENST00000479025	20	1	1	splice_region_variant	+	G	1	-	57484406	ENSG00000087460	-	A
1	ENST00000480232	20	1	1	splice_acceptor_variant	+	A	1	-	57473995	ENSG00000087460	-	G
1	ENST00000480232	20	1	1	splice_region_variant	+	A	1	-	57478846	ENSG00000087460	-	C
1	ENST00000480232	20	1	1	splice_region_variant	+	G	1	-	57484406	ENSG00000087460	-	A
1	ENST00000480975	20	1	1	splice_region_variant	+	A	1	-	57478846	ENSG00000087460	-	C
1	ENST00000480975	20	1	1	splice_region_variant	+	G	1	-	57484406	ENSG00000087460	-	A
1	ENST00000481039	20	1	1	splice_acceptor_variant	+	A	1	-	57473995	ENSG00000087460	-	G
1	ENST00000481039	20	1	1	splice_region_variant	+	A	1	-	57478846	ENSG00000087460	-	C
1	ENST00000481039	20	1	1	splice_region_variant	+	G	1	-	57484406	ENSG00000087460	-	A
1	ENST00000481768	20	1	1	splice_acceptor_variant	+	A	1	-	57473995	ENSG00000087460	-	G
1	ENST00000482112	20	1	1	splice_region_variant	+	A	1	-	57478846	ENSG00000087460	-	C
1	ENST00000482112	20	1	1	splice_region_variant	+	G	1	-	57484406	ENSG00000087460	-	A
1	ENST00000483387	20	1	1	splice_acceptor_variant	+	A	1	-	57473995	ENSG00000087460	-	G
1	ENST00000477931	20	1	1	splice_region_variant	+	A	1	-	57478846	ENSG00000087460	-	C
1	ENST00000477931	20	1	1	splice_acceptor_variant	+	A	1	-	57473995	ENSG00000087460	-	G
1	ENST00000476935	20	1	1	splice_region_variant	+	G	1	-	57484406	ENSG00000087460	-	A
1	ENST00000470512	20	1	1	splice_acceptor_variant	+	A	1	-	57473995	ENSG00000087460	-	G
1	ENST00000467321	20	1	1	splice_region_variant	+	A	1	-	57478846	ENSG00000087460	-	C
1	ENST00000467321	20	1	1	splice_region_variant	+	G	1	-	57484406	ENSG00000087460	-	A
1	ENST00000468895	20	1	1	splice_region_variant	+	A	1	-	57478846	ENSG00000087460	-	C
1	ENST00000468895	20	1	1	splice_region_variant	+	G	1	-	57484406	ENSG00000087460	-	A
1	ENST00000469431	20	1	1	splice_acceptor_variant	+	A	1	-	57473995	ENSG00000087460	-	G
1	ENST00000469431	20	1	1	splice_region_variant	+	A	1	-	57478846	ENSG00000087460	-	C
1	ENST00000470512	20	1	1	splice_region_variant	+	A	1	-	57478846	ENSG00000087460	-	C
1	ENST00000476935	20	1	1	splice_region_variant	+	A	1	-	57478846	ENSG00000087460	-	C
1	ENST00000470512	20	1	1	splice_region_variant	+	G	1	-	57484406	ENSG00000087460	-	A
1	ENST00000472183	20	1	1	splice_acceptor_variant	+	A	1	-	57473995	ENSG00000087460	-	G
1	ENST00000472183	20	1	1	splice_region_variant	+	A	1	-	57478846	ENSG00000087460	-	C
1	ENST00000472183	20	1	1	splice_region_variant	+	G	1	-	57484406	ENSG00000087460	-	A
1	ENST00000476196	20	1	1	splice_region_variant	+	A	1	-	57478846	ENSG00000087460	-	C
1	ENST00000476196	20	1	1	splice_region_variant	+	G	1	-	57484406	ENSG00000087460	-	A
1	ENST00000485673	20	1	1	splice_region_variant	+	A	1	-	57478846	ENSG00000087460	-	C
1	ENST00000487862	20	1	1	splice_region_variant	+	G	1	-	57484406	ENSG00000087460	-	A
1	ENST00000487981	20	1	1	splice_region_variant	+	A	1	-	57478846	ENSG00000087460	-	C
1	ENST00000496934	20	1	1	splice_region_variant	+	G	1	-	57484406	ENSG00000087460	-	A
1	ENST00000490374	20	1	1	splice_acceptor_variant	+	A	1	-	57473995	ENSG00000087460	-	G
1	ENST00000487981	20	1	1	splice_region_variant	+	G	1	-	57484406	ENSG00000087460	-	A
1	ENST00000488546	20	1	1	splice_region_variant	+	A	1	-	57478846	ENSG00000087460	-	C
1	ENST00000488546	20	1	1	splice_region_variant	+	G	1	-	57484406	ENSG00000087460	-	A
1	ENST00000488652	20	1	1	splice_acceptor_variant	+	A	1	-	57473995	ENSG00000087460	-	G
1	ENST00000488652	20	1	1	splice_region_variant	+	A	1	-	57478846	ENSG00000087460	-	C
1	ENST00000488652	20	1	1	splice_region_variant	+	G	1	-	57484406	ENSG00000087460	-	A
1	ENST00000490374	20	1	1	splice_region_variant	+	A	1	-	57478846	ENSG00000087460	-	C
1	ENST00000496934	20	1	1	splice_region_variant	+	A	1	-	57478846	ENSG00000087460	-	C
1	ENST00000492907	20	1	1	splice_region_variant	+	A	1	-	57478846	ENSG00000087460	-	C
1	ENST00000492907	20	1	1	splice_region_variant	+	G	1	-	57484406	ENSG00000087460	-	A
1	ENST00000493744	20	1	1	splice_acceptor_variant	+	A	1	-	57473995	ENSG00000087460	-	G
1	ENST00000493958	20	1	1	splice_region_variant	+	A	1	-	57478846	ENSG00000087460	-	C
1	ENST00000493958	20	1	1	splice_region_variant	+	G	1	-	57484406	ENSG00000087460	-	A
1	ENST00000494081	20	1	1	splice_region_variant	+	A	1	-	57478846	ENSG00000087460	-	C
1	ENST00000371100	20	1	1	missense_variant	+	T	1	979	57485424	ENSG00000087460	R/W	C
1	ENST00000371100	20	0	1	synonymous_variant	+	C	0	946	57485075	ENSG00000087460	-	T
1	ENST00000354359	20	1	1	missense_variant	+	T	1	166	57480498	ENSG00000087460	R/C	C
1	ENST00000371095	20	1	1	missense_variant	+	T	1	174	57484249	ENSG00000087460	A/V	C
1	ENST00000371085	20	0	1	synonymous_variant	+	C	0	303	57485075	ENSG00000087460	-	T
1	ENST00000371085	20	1	1	missense_variant	+	G	1	312	57485101	ENSG00000087460	F/C	T
1	ENST00000371085	20	1	1	missense_variant	+	T	1	336	57485424	ENSG00000087460	R/W	C
1	ENST00000371085	20	1	1	missense_variant	+	T	1	374	57485819	ENSG00000087460	R/C	C
1	ENST00000371085	20	1	1	missense_variant	+	T	1	389	57485864	ENSG00000087460	R/C	C
1	ENST00000371085	20	0	1	synonymous_variant	+	T	0	391	57485872	ENSG00000087460	-	C
1	ENST00000371085	20	1	1	missense_variant	+	A	1	392	57485873	ENSG00000087460	E/K	G
1	ENST00000371095	20	1	1	missense_variant	+	T	1	49	57470673	ENSG00000087460	G/V	G
1	ENST00000371095	20	1	1	frameshift_variant	+	A	1	59-60	57470705	ENSG00000087460	-	-
1	ENST00000371095	20	1	1	missense_variant	+	G	1	83	57478618	ENSG00000087460	N/S	A
1	ENST00000371095	20	1	1	missense_variant	+	A	1	95	57478739	ENSG00000087460	A/T	G
1	ENST00000371095	20	1	1	missense_variant	+	T	1	127	57478836	ENSG00000087460	D/V	A
1	ENST00000371095	20	1	1	splice_region_variant	+	A	1	130	57478846	ENSG00000087460	-	C
1	ENST00000371095	20	1	1	missense_variant	+	C	1	141	57480468	ENSG00000087460	E/Q	G
1	ENST00000371095	20	1	1	missense_variant	+	T	1	151	57480498	ENSG00000087460	R/C	C
1	ENST00000371085	20	1	1	missense_variant	+	A	1	299	57485061	ENSG00000087460	E/K	G
1	ENST00000371085	20	1	1	missense_variant	+	C	1	290	57485035	ENSG00000087460	F/S	T
1	ENST00000371085	20	1	1	missense_variant	+	G	1	285	57485019	ENSG00000087460	I/V	A
1	ENST00000371085	20	1	1	frameshift_variant	+	T	1	188	57484250	ENSG00000087460	-	-
1	ENST00000371085	20	1	1	missense_variant	+	T	1	141	57478836	ENSG00000087460	D/V	A
1	ENST00000371085	20	1	1	splice_region_variant	+	A	1	144	57478846	ENSG00000087460	-	C
1	ENST00000371085	20	1	1	missense_variant	+	C	1	155	57480468	ENSG00000087460	E/Q	G
1	ENST00000371085	20	1	1	missense_variant	+	T	1	165	57480498	ENSG00000087460	R/C	C
1	ENST00000371085	20	0	1	synonymous_variant	+	A	0	184	57484238	ENSG00000087460	-	G
1	ENST00000371085	20	1	1	missense_variant	+	T	1	188	57484249	ENSG00000087460	A/V	C
1	ENST00000371085	20	1	1	missense_variant	+	G	1	196	57484406	ENSG00000087460	D/G	A
1	ENST00000371085	20	1	1	missense_variant	+	C	1	274	57484842	ENSG00000087460	K/N	G
1	ENST00000371085	20	1	1	missense_variant	+	G	1	204	57484429	ENSG00000087460	T/A	A
1	ENST00000371085	20	1	1	frameshift_variant	+	T	1	207-208	57484441	ENSG00000087460	-	-
1	ENST00000371085	20	1	1	missense_variant	+	T	1	227	57484597	ENSG00000087460	Q/H	G
1	ENST00000371085	20	1	1	missense_variant	+	T	1	233	57484615	ENSG00000087460	K/N	G
1	ENST00000371085	20	1	1	missense_variant	+	A	1	248	57484762	ENSG00000087460	V/M	G
1	ENST00000371085	20	1	1	missense_variant	+	G	1	273	57484839	ENSG00000087460	F/L	C
1	ENST00000371095	20	0	1	synonymous_variant	+	A	0	170	57484238	ENSG00000087460	-	G
1	ENST00000371095	20	1	1	frameshift_variant	+	T	1	174	57484250	ENSG00000087460	-	-
1	ENST00000371085	20	1	1	missense_variant	+	G	1	97	57478618	ENSG00000087460	N/S	A
1	ENST00000371095	20	1	1	missense_variant	+	G	1	182	57484406	ENSG00000087460	D/G	A
1	ENST00000371098	20	0	1	synonymous_variant	+	A	0	3	57415170	ENSG00000087460	-	G
1	ENST00000371098	20	1	1	missense_variant	+	A	1	6	57415178	ENSG00000087460	R/Q	G
1	ENST00000371098	20	0	1	synonymous_variant	+	A	0	14	57415203	ENSG00000087460	-	C
1	ENST00000371098	20	1	1	missense_variant	+	T	1	26	57415237	ENSG00000087460	R/C	C
1	ENST00000371098	20	1	1	missense_variant	+	T	1	27	57415241	ENSG00000087460	R/L	G
1	ENST00000371098	20	0	1	synonymous_variant	+	A	0	31	57415254	ENSG00000087460	-	G
1	ENST00000371098	20	1	1	missense_variant	+	G	1	39	57415276	ENSG00000087460	I/V	A
1	ENST00000371098	20	1	1	frameshift_variant	+	T	1	45	57415295	ENSG00000087460	-	-
1	ENST00000371098	20	1	1	missense_variant	+	T	1	46	57415297	ENSG00000087460	A/S	G
1	ENST00000371098	20	1	1	missense_variant	+	G	1	49	57415308	ENSG00000087460	N/K	C
1	ENST00000371098	20	1	1	missense_variant	+	A	1	62	57415346	ENSG00000087460	R/Q	G
1	ENST00000371098	20	0	1	synonymous_variant	+	T	0	71	57415374	ENSG00000087460	-	C
1	ENST00000371098	20	1	1	missense_variant	+	A	1	72	57415375	ENSG00000087460	G/S	G
1	ENST00000371098	20	0	1	synonymous_variant	+	T	0	76	57415389	ENSG00000087460	-	C
1	ENST00000371098	20	1	1	missense_variant	+	T	1	77	57415390	ENSG00000087460	P/S	C
1	ENST00000371098	20	1	1	missense_variant	+	A	1	3	57415169	ENSG00000087460	R/Q	G
1	ENST00000371095	20	1	1	missense_variant	+	A	1	378	57485873	ENSG00000087460	E/K	G
1	ENST00000371095	20	0	1	synonymous_variant	+	T	0	377	57485872	ENSG00000087460	-	C
1	ENST00000371095	20	1	1	missense_variant	+	C	1	260	57484842	ENSG00000087460	K/N	G
1	ENST00000371095	20	1	1	missense_variant	+	G	1	190	57484429	ENSG00000087460	T/A	A
1	ENST00000371095	20	1	1	frameshift_variant	+	T	1	193-194	57484441	ENSG00000087460	-	-
1	ENST00000371095	20	1	1	missense_variant	+	T	1	213	57484597	ENSG00000087460	Q/H	G
1	ENST00000371095	20	1	1	missense_variant	+	T	1	219	57484615	ENSG00000087460	K/N	G
1	ENST00000371095	20	1	1	missense_variant	+	A	1	234	57484762	ENSG00000087460	V/M	G
1	ENST00000371095	20	1	1	missense_variant	+	G	1	259	57484839	ENSG00000087460	F/L	C
1	ENST00000371095	20	1	1	missense_variant	+	G	1	271	57485019	ENSG00000087460	I/V	A
1	ENST00000371095	20	1	1	missense_variant	+	T	1	375	57485864	ENSG00000087460	R/C	C
1	ENST00000371095	20	1	1	missense_variant	+	C	1	276	57485035	ENSG00000087460	F/S	T
1	ENST00000371095	20	1	1	missense_variant	+	A	1	285	57485061	ENSG00000087460	E/K	G
1	ENST00000371095	20	0	1	synonymous_variant	+	C	0	289	57485075	ENSG00000087460	-	T
1	ENST00000371095	20	1	1	missense_variant	+	G	1	298	57485101	ENSG00000087460	F/C	T
1	ENST00000371095	20	1	1	missense_variant	+	T	1	322	57485424	ENSG00000087460	R/W	C
1	ENST00000371095	20	1	1	missense_variant	+	T	1	360	57485819	ENSG00000087460	R/C	C
1	ENST00000371085	20	1	1	missense_variant	+	A	1	109	57478739	ENSG00000087460	A/T	G
1	ENST00000371085	20	1	1	missense_variant	+	T	1	74	57474005	ENSG00000087460	E/D	A
1	ENST00000371098	20	1	1	missense_variant	+	A	1	94	57415441	ENSG00000087460	E/K	G
1	ENST00000371075	20	1	1	missense_variant	+	A	1	72	57415375	ENSG00000087460	G/S	G
1	ENST00000354359	20	1	1	missense_variant	+	T	1	390	57485864	ENSG00000087460	R/C	C
1	ENST00000354359	20	0	1	synonymous_variant	+	T	0	392	57485872	ENSG00000087460	-	C
1	ENST00000354359	20	1	1	missense_variant	+	A	1	393	57485873	ENSG00000087460	E/K	G
1	ENST00000371075	20	1	1	missense_variant	+	A	1	3	57415169	ENSG00000087460	R/Q	G
1	ENST00000371075	20	0	1	synonymous_variant	+	A	0	3	57415170	ENSG00000087460	-	G
1	ENST00000371075	20	1	1	missense_variant	+	A	1	6	57415178	ENSG00000087460	R/Q	G
1	ENST00000371075	20	0	1	synonymous_variant	+	A	0	14	57415203	ENSG00000087460	-	C
1	ENST00000371075	20	1	1	missense_variant	+	T	1	26	57415237	ENSG00000087460	R/C	C
1	ENST00000371075	20	1	1	missense_variant	+	T	1	27	57415241	ENSG00000087460	R/L	G
1	ENST00000371075	20	0	1	synonymous_variant	+	A	0	31	57415254	ENSG00000087460	-	G
1	ENST00000371075	20	1	1	missense_variant	+	G	1	39	57415276	ENSG00000087460	I/V	A
1	ENST00000371075	20	1	1	frameshift_variant	+	T	1	45	57415295	ENSG00000087460	-	-
1	ENST00000371075	20	1	1	missense_variant	+	T	1	46	57415297	ENSG00000087460	A/S	G
1	ENST00000371075	20	1	1	missense_variant	+	G	1	49	57415308	ENSG00000087460	N/K	C
1	ENST00000371075	20	1	1	missense_variant	+	A	1	62	57415346	ENSG00000087460	R/Q	G
1	ENST00000354359	20	1	1	missense_variant	+	T	1	375	57485819	ENSG00000087460	R/C	C
1	ENST00000354359	20	1	1	missense_variant	+	T	1	337	57485424	ENSG00000087460	R/W	C
1	ENST00000354359	20	1	1	missense_variant	+	G	1	313	57485101	ENSG00000087460	F/C	T
1	ENST00000354359	20	1	1	missense_variant	+	T	1	228	57484597	ENSG00000087460	Q/H	G
1	ENST00000354359	20	0	1	synonymous_variant	+	A	0	185	57484238	ENSG00000087460	-	G
1	ENST00000354359	20	1	1	missense_variant	+	T	1	189	57484249	ENSG00000087460	A/V	C
1	ENST00000354359	20	1	1	frameshift_variant	+	T	1	189	57484250	ENSG00000087460	-	-
1	ENST00000354359	20	1	1	missense_variant	+	G	1	197	57484406	ENSG00000087460	D/G	A
1	ENST00000354359	20	1	1	missense_variant	+	G	1	205	57484429	ENSG00000087460	T/A	A
1	ENST00000354359	20	1	1	frameshift_variant	+	T	1	208-209	57484441	ENSG00000087460	-	-
1	ENST00000354359	20	1	1	missense_variant	+	T	1	234	57484615	ENSG00000087460	K/N	G
1	ENST00000354359	20	0	1	synonymous_variant	+	C	0	304	57485075	ENSG00000087460	-	T
1	ENST00000354359	20	1	1	missense_variant	+	A	1	249	57484762	ENSG00000087460	V/M	G
1	ENST00000354359	20	1	1	missense_variant	+	G	1	274	57484839	ENSG00000087460	F/L	C
1	ENST00000354359	20	1	1	missense_variant	+	C	1	275	57484842	ENSG00000087460	K/N	G
1	ENST00000354359	20	1	1	missense_variant	+	G	1	286	57485019	ENSG00000087460	I/V	A
1	ENST00000354359	20	1	1	missense_variant	+	C	1	291	57485035	ENSG00000087460	F/S	T
1	ENST00000354359	20	1	1	missense_variant	+	A	1	300	57485061	ENSG00000087460	E/K	G
1	ENST00000371075	20	0	1	synonymous_variant	+	T	0	71	57415374	ENSG00000087460	-	C
1	ENST00000371075	20	0	1	synonymous_variant	+	T	0	76	57415389	ENSG00000087460	-	C
1	ENST00000371085	20	0	1	synonymous_variant	+	G	0	74	57474005	ENSG00000087460	-	A
1	ENST00000371075	20	1	1	missense_variant	+	T	1	77	57415390	ENSG00000087460	P/S	C
1	ENST00000371075	20	1	1	frameshift_variant	+	-	1	243	57415888	ENSG00000087460	-	C
1	ENST00000371075	20	1	1	missense_variant	+	G	1	244	57415891	ENSG00000087460	R/G	C
1	ENST00000371075	20	1	1	splice_acceptor_variant	+	A	1	-	57473995	ENSG00000087460	-	G
1	ENST00000371075	20	1	1	splice_region_variant	+	A	1	-	57478846	ENSG00000087460	-	C
1	ENST00000371075	20	1	1	splice_region_variant	+	G	1	-	57484406	ENSG00000087460	-	A
1	ENST00000371081	20	1	1	missense_variant	+	T	1	49	57470673	ENSG00000087460	G/V	G
1	ENST00000371081	20	1	1	frameshift_variant	+	A	1	59-60	57470705	ENSG00000087460	-	-
1	ENST00000371081	20	1	1	splice_acceptor_variant	+	A	1	-	57473995	ENSG00000087460	-	G
1	ENST00000371081	20	1	1	missense_variant	+	T	1	73	57474001	ENSG00000087460	G/V	G
1	ENST00000371081	20	0	1	synonymous_variant	+	G	0	74	57474005	ENSG00000087460	-	A
1	ENST00000371081	20	1	1	missense_variant	+	T	1	74	57474005	ENSG00000087460	E/D	A
1	ENST00000371085	20	1	1	missense_variant	+	T	1	49	57470673	ENSG00000087460	G/V	G
1	ENST00000371085	20	1	1	frameshift_variant	+	A	1	59-60	57470705	ENSG00000087460	-	-
1	ENST00000371085	20	1	1	splice_acceptor_variant	+	A	1	-	57473995	ENSG00000087460	-	G
1	ENST00000371085	20	1	1	missense_variant	+	T	1	73	57474001	ENSG00000087460	G/V	G
1	ENST00000371075	20	1	1	missense_variant	+	C	1	242	57415886	ENSG00000087460	I/T	T
1	ENST00000371075	20	1	1	missense_variant	+	T	1	217	57415810	ENSG00000087460	R/C	C
1	ENST00000371075	20	1	1	missense_variant	+	A	1	193	57415738	ENSG00000087460	E/K	G
1	ENST00000371075	20	0	1	synonymous_variant	+	T	0	107	57415482	ENSG00000087460	-	C
1	ENST00000371075	20	1	1	missense_variant	+	T	1	89	57415428	ENSG00000087460	E/D	G
1	ENST00000371075	20	1	1	missense_variant	+	A	1	94	57415441	ENSG00000087460	E/K	G
1	ENST00000371075	20	1	1	missense_variant	+	A	1	98	57415453	ENSG00000087460	P/T	C
1	ENST00000371075	20	1	1	missense_variant	+	C	1	99	57415456	ENSG00000087460	E/Q	G
1	ENST00000371075	20	0	1	synonymous_variant	+	T	0	103	57415470	ENSG00000087460	-	C
1	ENST00000371075	20	0	1	synonymous_variant	+	A	0	106	57415479	ENSG00000087460	-	G
1	ENST00000371075	20	1	1	missense_variant	+	G	1	109	57415487	ENSG00000087460	Y/C	A
1	ENST00000371075	20	1	1	missense_variant	+	A	1	191	57415733	ENSG00000087460	G/E	G
1	ENST00000371075	20	1	1	missense_variant	+	C	1	122	57415527	ENSG00000087460	E/D	G
1	ENST00000371075	20	1	1	missense_variant	+	A	1	126	57415537	ENSG00000087460	E/K	G
1	ENST00000371075	20	0	1	synonymous_variant	+	G	0	139	57415578	ENSG00000087460	-	C
1	ENST00000371075	20	1	1	missense_variant	+	A	1	172	57415675	ENSG00000087460	D/N	G
1	ENST00000371075	20	1	1	missense_variant	+	T	1	189	57415727	ENSG00000087460	R/M	G
1	ENST00000371075	20	1	1	frameshift_variant	+	-	1	191	57415732	ENSG00000087460	-	G
1	ENST00000371098	20	1	1	missense_variant	+	T	1	89	57415428	ENSG00000087460	E/D	G
1	ENST00000371098	20	1	1	missense_variant	+	A	1	98	57415453	ENSG00000087460	P/T	C
1	ENST00000371100	20	1	1	missense_variant	+	A	1	942	57485061	ENSG00000087460	E/K	G
1	ENST00000371100	20	0	1	synonymous_variant	+	T	0	573	57430039	ENSG00000087460	-	C
1	ENST00000371100	20	1	1	missense_variant	+	A	1	317	57429269	ENSG00000087460	G/R	G
1	ENST00000371100	20	1	1	missense_variant	+	A	1	323	57429287	ENSG00000087460	V/I	G
1	ENST00000371100	20	1	1	missense_variant	+	T	1	331	57429312	ENSG00000087460	A/V	C
1	ENST00000371100	20	1	1	missense_variant	+	T	1	334	57429321	ENSG00000087460	G/V	G
1	ENST00000371100	20	1	1	missense_variant	+	A	1	335	57429324	ENSG00000087460	P/Q	C
1	ENST00000371100	20	0	1	synonymous_variant	+	A	0	380	57429460	ENSG00000087460	-	C
1	ENST00000371100	20	1	1	missense_variant	+	G	1	381	57429461	ENSG00000087460	P/A	C
1	ENST00000371100	20	0	1	inframe_insertion	+	GCAGCCCCT	0	393-394	57429500	ENSG00000087460	-	-
1	ENST00000371100	20	1	1	missense_variant	+	G	1	407	57429540	ENSG00000087460	T/S	C
1	ENST00000371100	20	1	1	missense_variant	+	A	1	464	57429712	ENSG00000087460	D/E	T
1	ENST00000371100	20	1	1	missense_variant	+	T	1	533	57429918	ENSG00000087460	P/L	C
1	ENST00000371100	20	1	1	missense_variant	+	T	1	543	57429947	ENSG00000087460	P/S	C
1	ENST00000371100	20	1	1	missense_variant	+	A	1	548	57429963	ENSG00000087460	A/E	C
1	ENST00000371100	20	1	1	missense_variant	+	A	1	560	57429998	ENSG00000087460	G/S	G
1	ENST00000371100	20	1	1	missense_variant	+	A	1	561	57430002	ENSG00000087460	R/H	G
1	ENST00000371100	20	1	1	missense_variant	+	A	1	310	57429248	ENSG00000087460	E/K	G
1	ENST00000371100	20	1	1	missense_variant	+	T	1	308	57429243	ENSG00000087460	P/L	C
1	ENST00000371100	20	0	1	synonymous_variant	+	T	0	274	57429142	ENSG00000087460	-	C
1	ENST00000371100	20	1	1	missense_variant	+	C	1	191	57428891	ENSG00000087460	A/P	G
1	ENST00000371100	20	0	1	synonymous_variant	+	G	0	121	57428683	ENSG00000087460	-	T
1	ENST00000371100	20	1	1	missense_variant	+	T	1	124	57428691	ENSG00000087460	P/L	C
1	ENST00000371100	20	1	1	missense_variant	+	A	1	126	57428697	ENSG00000087460	G/E	G
1	ENST00000371100	20	1	1	missense_variant	+	G	1	155	57428785	ENSG00000087460	S/R	C
1	ENST00000371100	20	1	1	missense_variant	+	A	1	166	57428817	ENSG00000087460	F/Y	T
1	ENST00000371100	20	1	1	missense_variant	+	A	1	190	57428889	ENSG00000087460	G/D	G
1	ENST00000371100	20	1	1	missense_variant	+	A	1	217	57428970	ENSG00000087460	S/N	G
1	ENST00000371100	20	1	1	missense_variant	+	T	1	268	57429122	ENSG00000087460	P/S	C
1	ENST00000371100	20	1	1	missense_variant	+	T	1	221	57428983	ENSG00000087460	E/D	G
1	ENST00000371100	20	1	1	missense_variant	+	A	1	234	57429020	ENSG00000087460	G/R	G
1	ENST00000371100	20	1	1	missense_variant	+	C	1	251	57429071	ENSG00000087460	G/R	G
1	ENST00000371100	20	1	1	missense_variant	+	T	1	259	57429096	ENSG00000087460	A/V	C
1	ENST00000371100	20	0	1	synonymous_variant	+	A	0	263	57429109	ENSG00000087460	-	G
1	ENST00000371100	20	1	1	missense_variant	+	A	1	265	57429114	ENSG00000087460	R/H	G
1	ENST00000371100	20	1	1	missense_variant	+	A	1	567	57430019	ENSG00000087460	E/K	G
1	ENST00000371100	20	0	1	synonymous_variant	+	T	0	577	57430051	ENSG00000087460	-	C
1	ENST00000371100	20	1	1	missense_variant	+	A	1	81	57428562	ENSG00000087460	L/H	T
1	ENST00000371100	20	1	1	missense_variant	+	A	1	582	57430064	ENSG00000087460	D/N	G
1	ENST00000371100	20	1	1	missense_variant	+	C	1	798	57480468	ENSG00000087460	E/Q	G
1	ENST00000371100	20	1	1	missense_variant	+	T	1	808	57480498	ENSG00000087460	R/C	C
1	ENST00000371100	20	0	1	synonymous_variant	+	A	0	827	57484238	ENSG00000087460	-	G
1	ENST00000371100	20	1	1	missense_variant	+	T	1	831	57484249	ENSG00000087460	A/V	C
1	ENST00000371100	20	1	1	frameshift_variant	+	T	1	831	57484250	ENSG00000087460	-	-
1	ENST00000371100	20	1	1	missense_variant	+	G	1	839	57484406	ENSG00000087460	D/G	A
1	ENST00000371100	20	1	1	missense_variant	+	G	1	847	57484429	ENSG00000087460	T/A	A
1	ENST00000371100	20	1	1	frameshift_variant	+	T	1	850-851	57484441	ENSG00000087460	-	-
1	ENST00000371100	20	1	1	missense_variant	+	T	1	870	57484597	ENSG00000087460	Q/H	G
1	ENST00000371100	20	1	1	missense_variant	+	T	1	876	57484615	ENSG00000087460	K/N	G
1	ENST00000371100	20	1	1	missense_variant	+	A	1	891	57484762	ENSG00000087460	V/M	G
1	ENST00000371100	20	1	1	missense_variant	+	G	1	916	57484839	ENSG00000087460	F/L	C
1	ENST00000371100	20	1	1	missense_variant	+	C	1	917	57484842	ENSG00000087460	K/N	G
1	ENST00000371100	20	1	1	missense_variant	+	G	1	928	57485019	ENSG00000087460	I/V	A
1	ENST00000371100	20	1	1	missense_variant	+	C	1	933	57485035	ENSG00000087460	F/S	T
1	ENST00000371100	20	1	1	splice_region_variant	+	A	1	787	57478846	ENSG00000087460	-	C
1	ENST00000371100	20	1	1	missense_variant	+	T	1	784	57478836	ENSG00000087460	D/V	A
1	ENST00000371100	20	1	1	missense_variant	+	A	1	752	57478739	ENSG00000087460	A/T	G
1	ENST00000371100	20	0	1	synonymous_variant	+	A	0	642	57430246	ENSG00000087460	-	G
1	ENST00000371100	20	1	1	missense_variant	+	C	1	593	57430099	ENSG00000087460	Q/H	G
1	ENST00000371100	20	1	1	frameshift_variant	+	C	1	609	57430147	ENSG00000087460	-	-
1	ENST00000371100	20	1	1	missense_variant	+	C	1	618	57430173	ENSG00000087460	G/A	G
1	ENST00000371100	20	1	1	stop_gained	+	A	1	631	57430212	ENSG00000087460	-	C
1	ENST00000371100	20	1	1	missense_variant	+	T	1	632	57430214	ENSG00000087460	R/C	C
1	ENST00000371100	20	1	1	missense_variant	+	T	1	638	57430234	ENSG00000087460	K/N	G
1	ENST00000371100	20	0	1	synonymous_variant	+	A	0	644	57430252	ENSG00000087460	-	G
1	ENST00000371100	20	1	1	missense_variant	+	G	1	740	57478618	ENSG00000087460	N/S	A
1	ENST00000371100	20	1	1	missense_variant	+	T	1	692	57470673	ENSG00000087460	G/V	G
1	ENST00000371100	20	1	1	frameshift_variant	+	A	1	702-703	57470705	ENSG00000087460	-	-
1	ENST00000371100	20	1	1	splice_acceptor_variant	+	A	1	-	57473995	ENSG00000087460	-	G
1	ENST00000371100	20	1	1	missense_variant	+	T	1	716	57474001	ENSG00000087460	G/V	G
1	ENST00000371100	20	0	1	synonymous_variant	+	G	0	717	57474005	ENSG00000087460	-	A
1	ENST00000371100	20	1	1	missense_variant	+	T	1	717	57474005	ENSG00000087460	E/D	A
1	ENST00000371100	20	1	1	missense_variant	+	A	1	116	57428667	ENSG00000087460	P/H	C
1	ENST00000371100	20	0	1	synonymous_variant	+	A	0	72	57428536	ENSG00000087460	-	G
1	ENST00000371098	20	1	1	missense_variant	+	C	1	99	57415456	ENSG00000087460	E/Q	G
1	ENST00000371099	20	1	1	missense_variant	+	T	1	259	57429096	ENSG00000087460	A/V	C
1	ENST00000371099	20	0	1	synonymous_variant	+	T	0	59	57428497	ENSG00000087460	-	C
1	ENST00000371099	20	1	1	missense_variant	+	A	1	61	57428501	ENSG00000087460	V/I	G
1	ENST00000371099	20	0	1	synonymous_variant	+	A	0	72	57428536	ENSG00000087460	-	G
1	ENST00000371099	20	1	1	missense_variant	+	A	1	81	57428562	ENSG00000087460	L/H	T
1	ENST00000371099	20	1	1	missense_variant	+	A	1	116	57428667	ENSG00000087460	P/H	C
1	ENST00000371099	20	0	1	synonymous_variant	+	G	0	121	57428683	ENSG00000087460	-	T
1	ENST00000371099	20	1	1	missense_variant	+	T	1	124	57428691	ENSG00000087460	P/L	C
1	ENST00000371099	20	1	1	missense_variant	+	A	1	126	57428697	ENSG00000087460	G/E	G
1	ENST00000371099	20	1	1	missense_variant	+	G	1	155	57428785	ENSG00000087460	S/R	C
1	ENST00000371099	20	1	1	missense_variant	+	A	1	166	57428817	ENSG00000087460	F/Y	T
1	ENST00000371099	20	1	1	missense_variant	+	A	1	190	57428889	ENSG00000087460	G/D	G
1	ENST00000371099	20	1	1	missense_variant	+	C	1	191	57428891	ENSG00000087460	A/P	G
1	ENST00000371099	20	1	1	missense_variant	+	A	1	217	57428970	ENSG00000087460	S/N	G
1	ENST00000371099	20	1	1	missense_variant	+	T	1	221	57428983	ENSG00000087460	E/D	G
1	ENST00000371099	20	1	1	missense_variant	+	A	1	234	57429020	ENSG00000087460	G/R	G
1	ENST00000371099	20	1	1	missense_variant	+	A	1	52	57428474	ENSG00000087460	E/K	G
1	ENST00000371098	20	1	1	splice_acceptor_variant	+	A	1	-	57473995	ENSG00000087460	-	G
1	ENST00000371098	20	1	1	missense_variant	+	G	1	244	57415891	ENSG00000087460	R/G	C
1	ENST00000371098	20	0	1	synonymous_variant	+	G	0	139	57415578	ENSG00000087460	-	C
1	ENST00000371098	20	0	1	synonymous_variant	+	T	0	103	57415470	ENSG00000087460	-	C
1	ENST00000371098	20	0	1	synonymous_variant	+	A	0	106	57415479	ENSG00000087460	-	G
1	ENST00000371098	20	0	1	synonymous_variant	+	T	0	107	57415482	ENSG00000087460	-	C
1	ENST00000371098	20	1	1	missense_variant	+	G	1	109	57415487	ENSG00000087460	Y/C	A
1	ENST00000371098	20	1	1	missense_variant	+	C	1	122	57415527	ENSG00000087460	E/D	G
1	ENST00000371098	20	1	1	missense_variant	+	A	1	126	57415537	ENSG00000087460	E/K	G
1	ENST00000371098	20	1	1	missense_variant	+	A	1	172	57415675	ENSG00000087460	D/N	G
1	ENST00000371098	20	1	1	frameshift_variant	+	-	1	243	57415888	ENSG00000087460	-	C
1	ENST00000371098	20	1	1	missense_variant	+	T	1	189	57415727	ENSG00000087460	R/M	G
1	ENST00000371098	20	1	1	frameshift_variant	+	-	1	191	57415732	ENSG00000087460	-	G
1	ENST00000371098	20	1	1	missense_variant	+	A	1	191	57415733	ENSG00000087460	G/E	G
1	ENST00000371098	20	1	1	missense_variant	+	A	1	193	57415738	ENSG00000087460	E/K	G
1	ENST00000371098	20	1	1	missense_variant	+	T	1	217	57415810	ENSG00000087460	R/C	C
1	ENST00000371098	20	1	1	missense_variant	+	C	1	242	57415886	ENSG00000087460	I/T	T
1	ENST00000371099	20	1	1	missense_variant	+	C	1	251	57429071	ENSG00000087460	G/R	G
1	ENST00000371099	20	0	1	synonymous_variant	+	A	0	263	57429109	ENSG00000087460	-	G
1	ENST00000371100	20	1	1	missense_variant	+	A	1	61	57428501	ENSG00000087460	V/I	G
1	ENST00000371099	20	1	1	missense_variant	+	A	1	265	57429114	ENSG00000087460	R/H	G
1	ENST00000371099	20	1	1	missense_variant	+	A	1	561	57430002	ENSG00000087460	R/H	G
1	ENST00000371099	20	1	1	missense_variant	+	A	1	567	57430019	ENSG00000087460	E/K	G
1	ENST00000371099	20	0	1	synonymous_variant	+	T	0	573	57430039	ENSG00000087460	-	C
1	ENST00000371099	20	0	1	synonymous_variant	+	T	0	577	57430051	ENSG00000087460	-	C
1	ENST00000371099	20	1	1	missense_variant	+	A	1	582	57430064	ENSG00000087460	D/N	G
1	ENST00000371099	20	1	1	missense_variant	+	C	1	593	57430099	ENSG00000087460	Q/H	G
1	ENST00000371099	20	1	1	frameshift_variant	+	C	1	609	57430147	ENSG00000087460	-	-
1	ENST00000371099	20	1	1	missense_variant	+	C	1	618	57430173	ENSG00000087460	G/A	G
1	ENST00000371099	20	1	1	stop_gained	+	A	1	631	57430212	ENSG00000087460	-	C
1	ENST00000371099	20	1	1	missense_variant	+	T	1	632	57430214	ENSG00000087460	R/C	C
1	ENST00000371099	20	1	1	missense_variant	+	T	1	638	57430234	ENSG00000087460	K/N	G
1	ENST00000371099	20	0	1	synonymous_variant	+	A	0	642	57430246	ENSG00000087460	-	G
1	ENST00000371099	20	0	1	synonymous_variant	+	A	0	644	57430252	ENSG00000087460	-	G
1	ENST00000371100	20	1	1	missense_variant	+	A	1	52	57428474	ENSG00000087460	E/K	G
1	ENST00000371100	20	0	1	synonymous_variant	+	T	0	59	57428497	ENSG00000087460	-	C
1	ENST00000371099	20	1	1	missense_variant	+	A	1	560	57429998	ENSG00000087460	G/S	G
1	ENST00000371099	20	1	1	missense_variant	+	A	1	548	57429963	ENSG00000087460	A/E	C
1	ENST00000371099	20	1	1	missense_variant	+	T	1	543	57429947	ENSG00000087460	P/S	C
1	ENST00000371099	20	1	1	missense_variant	+	T	1	331	57429312	ENSG00000087460	A/V	C
1	ENST00000371099	20	1	1	missense_variant	+	T	1	268	57429122	ENSG00000087460	P/S	C
1	ENST00000371099	20	0	1	synonymous_variant	+	T	0	274	57429142	ENSG00000087460	-	C
1	ENST00000371099	20	1	1	missense_variant	+	T	1	308	57429243	ENSG00000087460	P/L	C
1	ENST00000371099	20	1	1	missense_variant	+	A	1	310	57429248	ENSG00000087460	E/K	G
1	ENST00000371099	20	1	1	missense_variant	+	A	1	317	57429269	ENSG00000087460	G/R	G
1	ENST00000371099	20	1	1	missense_variant	+	A	1	323	57429287	ENSG00000087460	V/I	G
1	ENST00000371099	20	1	1	missense_variant	+	T	1	334	57429321	ENSG00000087460	G/V	G
1	ENST00000371099	20	1	1	missense_variant	+	T	1	533	57429918	ENSG00000087460	P/L	C
1	ENST00000371099	20	1	1	missense_variant	+	A	1	335	57429324	ENSG00000087460	P/Q	C
1	ENST00000371099	20	0	1	synonymous_variant	+	A	0	380	57429460	ENSG00000087460	-	C
1	ENST00000371099	20	1	1	missense_variant	+	G	1	381	57429461	ENSG00000087460	P/A	C
1	ENST00000371099	20	0	1	inframe_insertion	+	GCAGCCCCT	0	393-394	57429500	ENSG00000087460	-	-
1	ENST00000371099	20	1	1	missense_variant	+	G	1	407	57429540	ENSG00000087460	T/S	C
1	ENST00000371099	20	1	1	missense_variant	+	A	1	464	57429712	ENSG00000087460	D/E	T
